<?xml version="1.0" encoding="utf-8" standalone="no"?>
<mets ID="DSpace_COMMUNITY_123456789-33" OBJID="hdl:123456789/33" TYPE="DSpace COMMUNITY" PROFILE="http://www.dspace.org/schema/aip/mets_aip_1_0.xsd" xmlns="http://www.loc.gov/METS/" xmlns:xlink="http://www.w3.org/1999/xlink" xmlns:xsi="http://www.w3.org/2001/XMLSchema-instance" xsi:schemaLocation="http://www.loc.gov/METS/ http://www.loc.gov/standards/mets/mets.xsd">
 <metsHdr>
  <agent ROLE="CUSTODIAN" TYPE="OTHER" OTHERTYPE="DSpace Archive">
   <name>123456789/0</name>
  </agent>
  <agent ROLE="CREATOR" TYPE="OTHER" OTHERTYPE="DSpace Software">
   <name>DSpace 6.4-SNAPSHOT</name>
  </agent>
 </metsHdr>
 <dmdSec ID="dmdSec_1">
  <mdWrap MDTYPE="MODS">
   <xmlData xmlns:mods="http://www.loc.gov/mods/v3" xmlns:xlink="http://www.w3.org/1999/xlink" xsi:schemaLocation="http://www.loc.gov/mods/v3 http://www.loc.gov/standards/mods/v3/mods-3-1.xsd"><mods:mods xmlns:mods="http://www.loc.gov/mods/v3" xmlns:xsi="http://www.w3.org/2001/XMLSchema-instance" xsi:schemaLocation="http://www.loc.gov/mods/v3 http://www.loc.gov/standards/mods/v3/mods-3-1.xsd">
  <mods:note />
  <mods:abstract>The Distributed System of Scientific Collections is a new world-class Research Infrastructure (RI) for natural science collections. The DiSSCo RI works for the digital unification of all European natural science assets under common curation, access, policies and practices, and aims to ensure that the data is easily Findable, Accessible, Interoperable and Reusable (FAIR).</mods:abstract>
  <mods:tableOfContents />
  <mods:identifier type="uri">http://localhost:8080/jspui/handle/123456789/33</mods:identifier>
  <mods:accessCondition type="useAndReproduction" />
  <mods:titleInfo>
    <mods:title>DiSSCo</mods:title>
  </mods:titleInfo>
</mods:mods></xmlData>
  </mdWrap>
 </dmdSec>
 <dmdSec ID="dmdSec_2">
  <mdWrap MDTYPE="OTHER" OTHERMDTYPE="DIM">
   <xmlData xmlns:dim="http://www.dspace.org/xmlns/dspace/dim"><dim:dim xmlns:dim="http://www.dspace.org/xmlns/dspace/dim" dspaceType="COMMUNITY">
  <dim:field mdschema="dc" element="description" />
  <dim:field mdschema="dc" element="description" qualifier="abstract">The Distributed System of Scientific Collections is a new world-class Research Infrastructure (RI) for natural science collections. The DiSSCo RI works for the digital unification of all European natural science assets under common curation, access, policies and practices, and aims to ensure that the data is easily Findable, Accessible, Interoperable and Reusable (FAIR).</dim:field>
  <dim:field mdschema="dc" element="description" qualifier="tableofcontents" />
  <dim:field mdschema="dc" element="identifier" qualifier="uri">hdl:123456789/33</dim:field>
  <dim:field mdschema="dc" element="rights" />
  <dim:field mdschema="dc" element="title">DiSSCo</dim:field>
</dim:dim></xmlData>
  </mdWrap>
 </dmdSec>
 <amdSec ID="amd_3">
  <rightsMD ID="rightsMD_9">
   <mdWrap MDTYPE="OTHER" OTHERMDTYPE="METSRIGHTS">
    <xmlData xmlns:rights="http://cosimo.stanford.edu/sdr/metsrights/" xsi:schemaLocation="http://cosimo.stanford.edu/sdr/metsrights/ http://cosimo.stanford.edu/sdr/metsrights.xsd"><rights:RightsDeclarationMD xmlns:rights="http://cosimo.stanford.edu/sdr/metsrights/" RIGHTSCATEGORY="LICENSED">
  <rights:Context in-effect="true" CONTEXTCLASS="GENERAL PUBLIC">
    <rights:Permissions DISCOVER="true" DISPLAY="true" MODIFY="false" DELETE="false" />
  </rights:Context>
</rights:RightsDeclarationMD></xmlData>
   </mdWrap>
  </rightsMD>
  <sourceMD ID="sourceMD_10">
   <mdWrap MDTYPE="OTHER" OTHERMDTYPE="AIP-TECHMD">
    <xmlData xmlns:dim="http://www.dspace.org/xmlns/dspace/dim"><dim:dim xmlns:dim="http://www.dspace.org/xmlns/dspace/dim" dspaceType="COMMUNITY">
  <dim:field mdschema="dc" element="identifier" qualifier="uri">hdl:123456789/33</dim:field>
  <dim:field mdschema="dc" element="relation" qualifier="isPartOf">hdl:123456789/0</dim:field>
</dim:dim></xmlData>
   </mdWrap>
  </sourceMD>
 </amdSec>
 <fileSec>
  <fileGrp USE="LOGO">
   <file ID="logo_28" MIMETYPE="image/jpeg" SIZE="268529" CHECKSUM="a567283b4cefac075ff36b6e137d4c96" CHECKSUMTYPE="MD5">
    <FLocat LOCTYPE="URL" xlink:type="simple" xlink:href="bitstream_790958fc-6da3-4abb-ad03-858d1a1ec57c.jpeg"/>
   </file>
  </fileGrp>
 </fileSec>
 <structMap ID="struct_11" LABEL="DSpace Object" TYPE="LOGICAL">
  <div ID="div_12" DMDID="dmdSec_1 dmdSec_2" ADMID="amd_3" TYPE="DSpace Object Contents">
   <fptr FILEID="logo_28"/>
   <div ID="div_13" TYPE="DSpace COMMUNITY">
    <mptr ID="mptr_14" LOCTYPE="HANDLE" xlink:type="simple" xlink:href="123456789/70"/>
    <mptr ID="mptr_15" LOCTYPE="URL" xlink:type="simple" xlink:href="COMMUNITY@123456789-70.zip"/>
   </div>
   <div ID="div_16" TYPE="DSpace COMMUNITY">
    <mptr ID="mptr_17" LOCTYPE="HANDLE" xlink:type="simple" xlink:href="123456789/69"/>
    <mptr ID="mptr_18" LOCTYPE="URL" xlink:type="simple" xlink:href="COMMUNITY@123456789-69.zip"/>
   </div>
   <div ID="div_19" TYPE="DSpace COMMUNITY">
    <mptr ID="mptr_20" LOCTYPE="HANDLE" xlink:type="simple" xlink:href="123456789/72"/>
    <mptr ID="mptr_21" LOCTYPE="URL" xlink:type="simple" xlink:href="COMMUNITY@123456789-72.zip"/>
   </div>
   <div ID="div_22" TYPE="DSpace COMMUNITY">
    <mptr ID="mptr_23" LOCTYPE="HANDLE" xlink:type="simple" xlink:href="123456789/36"/>
    <mptr ID="mptr_24" LOCTYPE="URL" xlink:type="simple" xlink:href="COMMUNITY@123456789-36.zip"/>
   </div>
   <div ID="div_25" TYPE="DSpace COMMUNITY">
    <mptr ID="mptr_26" LOCTYPE="HANDLE" xlink:type="simple" xlink:href="123456789/71"/>
    <mptr ID="mptr_27" LOCTYPE="URL" xlink:type="simple" xlink:href="COMMUNITY@123456789-71.zip"/>
   </div>
  </div>
 </structMap>
 <structMap ID="struct_29" LABEL="Parent" TYPE="LOGICAL">
  <div ID="div_30" LABEL="Parent of this DSpace Object" TYPE="AIP Parent Link">
   <mptr ID="mptr_31" LOCTYPE="HANDLE" xlink:type="simple" xlink:href="123456789/0"/>
  </div>
 </structMap>
</mets>
